id_usuario,primer_nombre,apellido,username,contrasena,email,nacionalidad,ruta_imagen,id_rol
1,Marrissa,Tezure,mtezure0,pC5'5RMeendmLk&A,mtezure0@army.mil,Panama,http://dummyimage.com/100x100.png/5fa2dd/ffffff,1
2,Chancey,Euesden,ceuesden1,dH5@*gg2u8n,ceuesden1@goo.ne.jp,Costa Rica,http://dummyimage.com/100x100.png/cc0000/ffffff,1
3,Andy,Giddens,agiddens2,gG8&w3T{{<PUAl,agiddens2@whitehouse.gov,Panama,http://dummyimage.com/100x100.png/5fa2dd/ffffff,1
4,Ketty,Legging,klegging3,bJ1/lB{2n,klegging3@blog.com,Panama,http://dummyimage.com/100x100.png/ff4444/ffffff,2
5,Kirby,Scargle,kscargle4,gY7|oFYAvvsjU,kscargle4@godaddy.com,Costa Rica,http://dummyimage.com/100x100.png/ff4444/ffffff,2
6,Wald,Rapo,wrapo5,oS5.03M#R37,wrapo5@intel.com,Panama,http://dummyimage.com/100x100.png/ff4444/ffffff,2
7,Candida,Stiles,cstiles6,"qI0""<W?Dy40g|Nh!",cstiles6@wix.com,Costa Rica,http://dummyimage.com/100x100.png/dddddd/000000,2
8,Jule,Shelmerdine,jshelmerdine7,mN9~SJY7$4d,jshelmerdine7@auda.org.au,Panama,http://dummyimage.com/100x100.png/dddddd/000000,2
9,Meredithe,Hodgets,mhodgets8,nR1{>X0q&cSu$@,mhodgets8@reference.com,Panama,http://dummyimage.com/100x100.png/5fa2dd/ffffff,2
10,Lauri,Cordet,lcordet9,jG6|$(PZt,lcordet9@imageshack.us,Panama,http://dummyimage.com/100x100.png/cc0000/ffffff,2
11,Wayne,Brinkworth,wbrinkwortha,gV6|@w'fV,wbrinkwortha@cbsnews.com,Panama,http://dummyimage.com/100x100.png/dddddd/000000,2
12,Lana,Copin,lcopinb,wM8{m?XdwV!?bupf,lcopinb@yellowpages.com,Panama,http://dummyimage.com/100x100.png/cc0000/ffffff,1
13,Teresina,Pemble,tpemblec,hQ4!*Zz.4.HN)!,tpemblec@ed.gov,Panama,http://dummyimage.com/100x100.png/dddddd/000000,2
14,Jammal,Shenley,jshenleyd,iC6%i9Oeh2(,jshenleyd@google.ru,Panama,http://dummyimage.com/100x100.png/5fa2dd/ffffff,1
15,Cori,Di Pietro,cdipietroe,cJ6(7EQj@<QI},cdipietroe@merriam-webster.com,Costa Rica,http://dummyimage.com/100x100.png/5fa2dd/ffffff,2
16,Giacomo,Capponer,gcapponerf,qB8&Wmip9~,gcapponerf@goo.gl,Costa Rica,http://dummyimage.com/100x100.png/5fa2dd/ffffff,2
17,Melisa,Delucia,mdeluciag,uG8#LzXy?@!flg0J,mdeluciag@acquirethisname.com,Costa Rica,http://dummyimage.com/100x100.png/5fa2dd/ffffff,1
18,Bev,Yoskowitz,byoskowitzh,tN0#_GQG~&~h,byoskowitzh@bravesites.com,Costa Rica,http://dummyimage.com/100x100.png/dddddd/000000,2
19,Horacio,Mc Comb,hmccombi,"qQ9""Nw|I",hmccombi@buzzfeed.com,Panama,http://dummyimage.com/100x100.png/dddddd/000000,2
20,Greggory,Sanbroke,gsanbrokej,sL6|Rnx'e8,gsanbrokej@free.fr,Costa Rica,http://dummyimage.com/100x100.png/cc0000/ffffff,2
21,Carline,Rappport,crappportk,hH4<'jvU2%},crappportk@e-recht24.de,Panama,http://dummyimage.com/100x100.png/ff4444/ffffff,1
22,Kelsey,Sindell,ksindelll,gD7%z)YpM&Q,ksindelll@uiuc.edu,Panama,http://dummyimage.com/100x100.png/ff4444/ffffff,2
23,Eamon,Hinstock,ehinstockm,"nR0!n5cXkO,y.",ehinstockm@github.com,Panama,http://dummyimage.com/100x100.png/cc0000/ffffff,1
24,Moina,Sporle,msporlen,"eP9.o5,P!v",msporlen@yandex.ru,Costa Rica,http://dummyimage.com/100x100.png/ff4444/ffffff,1
25,Tan,Cosgrave,tcosgraveo,gM1_Vm(Qjl3Ot+,tcosgraveo@china.com.cn,Costa Rica,http://dummyimage.com/100x100.png/cc0000/ffffff,1
26,Isidore,Mainstone,imainstonep,gS5_i3>fIT2?(d?,imainstonep@vistaprint.com,Panama,http://dummyimage.com/100x100.png/cc0000/ffffff,2
27,Enos,Blacket,eblacketq,"fI2_hRPD,hE",eblacketq@comsenz.com,Panama,http://dummyimage.com/100x100.png/dddddd/000000,1
28,Townie,Spong,tspongr,"oO6&bo""""",tspongr@imdb.com,Costa Rica,http://dummyimage.com/100x100.png/ff4444/ffffff,2
29,Robbie,Monni,rmonnis,bP4%v?kK_L,rmonnis@businessinsider.com,Panama,http://dummyimage.com/100x100.png/dddddd/000000,2
30,Peter,Paliser,ppalisert,"iV7+v<u}=""PY9?L",ppalisert@google.co.uk,Panama,http://dummyimage.com/100x100.png/ff4444/ffffff,2
31,Fredrick,Head,fheadu,vQ0>4cQ~5h`)V,fheadu@hc360.com,Panama,http://dummyimage.com/100x100.png/ff4444/ffffff,1
32,Jori,Puddephatt,jpuddephattv,pQ4&n&#@?,jpuddephattv@msn.com,Panama,http://dummyimage.com/100x100.png/ff4444/ffffff,2
33,Lorianne,Ilem,lilemw,uC0>&`Q!<Pn,lilemw@google.pl,Panama,http://dummyimage.com/100x100.png/5fa2dd/ffffff,2
34,Horatia,Andreucci,handreuccix,"wK0#q""C0mem?",handreuccix@studiopress.com,Costa Rica,http://dummyimage.com/100x100.png/5fa2dd/ffffff,1
35,Reynold,Tussaine,rtussainey,kD2+L6sWcv(S_,rtussainey@un.org,Panama,http://dummyimage.com/100x100.png/ff4444/ffffff,1
36,Claudelle,Lonie,cloniez,iS5)1E?r,cloniez@exblog.jp,Costa Rica,http://dummyimage.com/100x100.png/cc0000/ffffff,1
37,Bentlee,Devey,bdevey10,bP2$PxZ6Uy<c,bdevey10@independent.co.uk,Costa Rica,http://dummyimage.com/100x100.png/cc0000/ffffff,1
38,Arnie,Bert,abert11,mN4>UQONl3f,abert11@wikipedia.org,Panama,http://dummyimage.com/100x100.png/ff4444/ffffff,2
39,Albertina,Halgarth,ahalgarth12,yJ1@I>dn5PiFR.6W,ahalgarth12@hatena.ne.jp,Panama,http://dummyimage.com/100x100.png/5fa2dd/ffffff,2
40,Kelvin,Wardall,kwardall13,"iE5,ls<ToPk2`",kwardall13@oaic.gov.au,Costa Rica,http://dummyimage.com/100x100.png/cc0000/ffffff,1
41,Didi,Evreux,devreux14,"fL7${X0!r,_e+O",devreux14@dell.com,Panama,http://dummyimage.com/100x100.png/dddddd/000000,2
42,Karil,Bitten,kbitten15,kG2.PFgel1IBh,kbitten15@flickr.com,Costa Rica,http://dummyimage.com/100x100.png/ff4444/ffffff,2
43,Michale,McGuiness,mmcguiness16,iR7$SHndmqh,mmcguiness16@trellian.com,Panama,http://dummyimage.com/100x100.png/5fa2dd/ffffff,1
44,Nils,Graybeal,ngraybeal17,"aA9{%{>""~`qY=#",ngraybeal17@cdc.gov,Costa Rica,http://dummyimage.com/100x100.png/5fa2dd/ffffff,2
45,Court,Jessep,cjessep18,"tE4""e>q9z9xf3v",cjessep18@amazon.com,Panama,http://dummyimage.com/100x100.png/cc0000/ffffff,1
46,Winny,Ply,wply19,sR7)|~}ow2y<m,wply19@nytimes.com,Costa Rica,http://dummyimage.com/100x100.png/ff4444/ffffff,1
47,Tadio,Dunmore,tdunmore1a,qA8/0a{LU0w_h,tdunmore1a@chicagotribune.com,Panama,http://dummyimage.com/100x100.png/cc0000/ffffff,1
48,Fawne,Girardot,fgirardot1b,bJ0=tjyyRG=aD1,fgirardot1b@narod.ru,Panama,http://dummyimage.com/100x100.png/dddddd/000000,1
49,Geri,Lashley,glashley1c,tD3_3Q@(qjJ,glashley1c@about.me,Panama,http://dummyimage.com/100x100.png/dddddd/000000,2
50,Carmel,Cobb,ccobb1d,lU8<}/|T}/,ccobb1d@twitter.com,Panama,http://dummyimage.com/100x100.png/dddddd/000000,2
51,Gaynor,Hearle,ghearle1e,oG2>mCzz,ghearle1e@toplist.cz,Panama,http://dummyimage.com/100x100.png/5fa2dd/ffffff,1
52,Sena,Trotter,strotter1f,vQ2/''1ughn0l=,strotter1f@xrea.com,Panama,http://dummyimage.com/100x100.png/cc0000/ffffff,1
53,Read,Dillow,rdillow1g,nW6\a_e%m+bKZ&(,rdillow1g@nytimes.com,Costa Rica,http://dummyimage.com/100x100.png/5fa2dd/ffffff,1
54,Silvanus,Pinckney,spinckney1h,vR3.x@7_sp,spinckney1h@washingtonpost.com,Costa Rica,http://dummyimage.com/100x100.png/5fa2dd/ffffff,2
55,Caldwell,Yardy,cyardy1i,nK1<uDlyyQe,cyardy1i@canalblog.com,Costa Rica,http://dummyimage.com/100x100.png/dddddd/000000,1
56,Randa,Gerardin,rgerardin1j,dN6@FCov6YC,rgerardin1j@list-manage.com,Costa Rica,http://dummyimage.com/100x100.png/cc0000/ffffff,1
57,Lorelle,Ismay,lismay1k,gQ8{#!s/,lismay1k@gmpg.org,Panama,http://dummyimage.com/100x100.png/5fa2dd/ffffff,1
58,Arnaldo,Congreve,acongreve1l,bS0!FVkfI},acongreve1l@furl.net,Panama,http://dummyimage.com/100x100.png/ff4444/ffffff,1
59,Arnuad,Titcom,atitcom1m,bS7@}ceQ,atitcom1m@cbsnews.com,Panama,http://dummyimage.com/100x100.png/ff4444/ffffff,1
60,Dorrie,Likely,dlikely1n,"tL6+""Vny30R,",dlikely1n@theatlantic.com,Panama,http://dummyimage.com/100x100.png/ff4444/ffffff,2
61,Demeter,Abbett,dabbett1o,"mG0`+'Yc&6R""'|",dabbett1o@liveinternet.ru,Costa Rica,http://dummyimage.com/100x100.png/cc0000/ffffff,2
62,Ahmed,Mosco,amosco1p,gM2\5lKE6=/|Gz,amosco1p@msn.com,Costa Rica,http://dummyimage.com/100x100.png/ff4444/ffffff,2
63,Celinka,Ormshaw,cormshaw1q,iM5&tVKG??)NWE?s,cormshaw1q@thetimes.co.uk,Panama,http://dummyimage.com/100x100.png/5fa2dd/ffffff,2
64,Lazarus,Ainscough,lainscough1r,gU5!r}iUVX}Sw,lainscough1r@yandex.ru,Costa Rica,http://dummyimage.com/100x100.png/cc0000/ffffff,1
65,Daryle,Brignell,dbrignell1s,zC2>_}M2,dbrignell1s@google.de,Costa Rica,http://dummyimage.com/100x100.png/5fa2dd/ffffff,2
66,Lenna,Butterfield,lbutterfield1t,"zR5,}Bl!/=_fAY8",lbutterfield1t@statcounter.com,Panama,http://dummyimage.com/100x100.png/dddddd/000000,2
67,Rudolf,Blanque,rblanque1u,yU3?%SI+_fjP,rblanque1u@mail.ru,Panama,http://dummyimage.com/100x100.png/ff4444/ffffff,2
68,Siusan,Twaits,stwaits1v,vH8~n}5h~7,stwaits1v@flavors.me,Costa Rica,http://dummyimage.com/100x100.png/cc0000/ffffff,1
69,Melosa,Fakes,mfakes1w,eR9@{LDA>vWau,mfakes1w@umich.edu,Panama,http://dummyimage.com/100x100.png/dddddd/000000,1
70,Dalton,Jerson,djerson1x,dT5*.u|oXG+W,djerson1x@cmu.edu,Costa Rica,http://dummyimage.com/100x100.png/5fa2dd/ffffff,1
71,Sammy,MacVanamy,smacvanamy1y,rI2*Oa_gp,smacvanamy1y@ebay.co.uk,Costa Rica,http://dummyimage.com/100x100.png/dddddd/000000,2
72,Greggory,Clitheroe,gclitheroe1z,vP2>JorC/,gclitheroe1z@forbes.com,Panama,http://dummyimage.com/100x100.png/5fa2dd/ffffff,1
73,Jedediah,Richard,jrichard20,uA2|B#C|tf,jrichard20@yellowbook.com,Costa Rica,http://dummyimage.com/100x100.png/ff4444/ffffff,2
74,Marcy,Laxston,mlaxston21,bP5>8sB3,mlaxston21@4shared.com,Costa Rica,http://dummyimage.com/100x100.png/ff4444/ffffff,1
75,Jaymie,Feye,jfeye22,"rV5`'U%8f4,0d""uI",jfeye22@imdb.com,Costa Rica,http://dummyimage.com/100x100.png/ff4444/ffffff,1
76,Hank,Aupol,haupol23,zA7/q%.gV5<kvR,haupol23@booking.com,Costa Rica,http://dummyimage.com/100x100.png/5fa2dd/ffffff,1
77,Darin,Farrants,dfarrants24,bO9_sSA`dw2>b,dfarrants24@cocolog-nifty.com,Panama,http://dummyimage.com/100x100.png/5fa2dd/ffffff,1
78,Annabela,Crosby,acrosby25,dZ4+m&c?v|~K,acrosby25@pcworld.com,Costa Rica,http://dummyimage.com/100x100.png/dddddd/000000,1
79,Janeczka,Isaak,jisaak26,gE5%2A*Ti{b$8Puf,jisaak26@samsung.com,Panama,http://dummyimage.com/100x100.png/ff4444/ffffff,1
80,Zechariah,Schapiro,zschapiro27,dH3|jxh_3k,zschapiro27@homestead.com,Costa Rica,http://dummyimage.com/100x100.png/dddddd/000000,2
81,Michal,Hannen,mhannen28,jH5}H${/6HtRZ,mhannen28@uol.com.br,Costa Rica,http://dummyimage.com/100x100.png/cc0000/ffffff,1
82,Ileane,Nuzzti,inuzzti29,sZ9{CEh=fB\|,inuzzti29@mac.com,Costa Rica,http://dummyimage.com/100x100.png/dddddd/000000,2
83,Clemence,Habbershon,chabbershon2a,rJ9/F<pDz,chabbershon2a@constantcontact.com,Panama,http://dummyimage.com/100x100.png/dddddd/000000,2
84,Allistir,Buglar,abuglar2b,jF5>c*=5,abuglar2b@google.com,Costa Rica,http://dummyimage.com/100x100.png/5fa2dd/ffffff,2
85,Raimund,Rocco,rrocco2c,kZ1+UgYb,rrocco2c@amazon.co.jp,Panama,http://dummyimage.com/100x100.png/dddddd/000000,1
86,Lowe,Galbreath,lgalbreath2d,uJ2$1Sgw1fM\,lgalbreath2d@creativecommons.org,Costa Rica,http://dummyimage.com/100x100.png/dddddd/000000,1
87,Dahlia,Grimmolby,dgrimmolby2e,"pM5,c<?UH&Sozoz",dgrimmolby2e@sfgate.com,Panama,http://dummyimage.com/100x100.png/ff4444/ffffff,1
88,Ricoriki,Spadaro,rspadaro2f,mZ2?%8E`*<3O,rspadaro2f@hud.gov,Panama,http://dummyimage.com/100x100.png/dddddd/000000,1
89,Fionnula,Oosthout de Vree,foosthoutdevree2g,wA1)Vl0q&d+f}tqg,foosthoutdevree2g@marketwatch.com,Costa Rica,http://dummyimage.com/100x100.png/cc0000/ffffff,1
90,Phoebe,Renol,prenol2h,yF3.ztzIfvQ,prenol2h@g.co,Costa Rica,http://dummyimage.com/100x100.png/ff4444/ffffff,1
91,Wilhelm,Hick,whick2i,"jA0_%SWZ,/i._S",whick2i@mapy.cz,Panama,http://dummyimage.com/100x100.png/5fa2dd/ffffff,1
92,Ferdinand,Broxis,fbroxis2j,fK7}XsexJ!jZgN,fbroxis2j@bandcamp.com,Costa Rica,http://dummyimage.com/100x100.png/ff4444/ffffff,2
93,Gustav,Lambert,glambert2k,"jB1`s6Bu$""$v",glambert2k@cargocollective.com,Panama,http://dummyimage.com/100x100.png/dddddd/000000,2
94,Harley,Ingree,hingree2l,mL2@B5$7se1v{Q8,hingree2l@vk.com,Panama,http://dummyimage.com/100x100.png/cc0000/ffffff,1
95,Phyllis,Battie,pbattie2m,iH3&P.Q$We6yDx$,pbattie2m@ifeng.com,Panama,http://dummyimage.com/100x100.png/dddddd/000000,1
96,Nil,Yanne,nyanne2n,sB6'(5mOBOe,nyanne2n@eepurl.com,Panama,http://dummyimage.com/100x100.png/5fa2dd/ffffff,1
97,Myrilla,Rosevear,mrosevear2o,"dN7,DB/8>&7h""",mrosevear2o@webeden.co.uk,Panama,http://dummyimage.com/100x100.png/ff4444/ffffff,1
98,Euell,Itzkovwitch,eitzkovwitch2p,bV5'fi*r%r4,eitzkovwitch2p@bandcamp.com,Costa Rica,http://dummyimage.com/100x100.png/dddddd/000000,1
99,Dana,Patesel,dpatesel2q,tO4_`FL9\fcB'V\D,dpatesel2q@lycos.com,Costa Rica,http://dummyimage.com/100x100.png/cc0000/ffffff,1
100,Dirk,Wicken,dwicken2r,mB2*V|Er+GD,dwicken2r@wikipedia.org,Costa Rica,http://dummyimage.com/100x100.png/cc0000/ffffff,1
