id_contenedor_producto,id_producto,id_contenedor
213842,error: Built-in function 'this' not found. Did you mean to call one of your lambda functions using this.call(<arguments>)?,490624
204231,error: Built-in function 'this' not found. Did you mean to call one of your lambda functions using this.call(<arguments>)?,393626
444268,error: Built-in function 'this' not found. Did you mean to call one of your lambda functions using this.call(<arguments>)?,934417
479067,error: Built-in function 'this' not found. Did you mean to call one of your lambda functions using this.call(<arguments>)?,575630
459046,error: Built-in function 'this' not found. Did you mean to call one of your lambda functions using this.call(<arguments>)?,552462
270644,error: Built-in function 'this' not found. Did you mean to call one of your lambda functions using this.call(<arguments>)?,551810
484614,error: Built-in function 'this' not found. Did you mean to call one of your lambda functions using this.call(<arguments>)?,583267
950992,error: Built-in function 'this' not found. Did you mean to call one of your lambda functions using this.call(<arguments>)?,410022
138826,error: Built-in function 'this' not found. Did you mean to call one of your lambda functions using this.call(<arguments>)?,525710
533514,error: Built-in function 'this' not found. Did you mean to call one of your lambda functions using this.call(<arguments>)?,314134
101385,error: Built-in function 'this' not found. Did you mean to call one of your lambda functions using this.call(<arguments>)?,67481
473467,error: Built-in function 'this' not found. Did you mean to call one of your lambda functions using this.call(<arguments>)?,852044
38439,error: Built-in function 'this' not found. Did you mean to call one of your lambda functions using this.call(<arguments>)?,612181
121679,error: Built-in function 'this' not found. Did you mean to call one of your lambda functions using this.call(<arguments>)?,7551
318340,error: Built-in function 'this' not found. Did you mean to call one of your lambda functions using this.call(<arguments>)?,798601
310264,error: Built-in function 'this' not found. Did you mean to call one of your lambda functions using this.call(<arguments>)?,568398
112218,error: Built-in function 'this' not found. Did you mean to call one of your lambda functions using this.call(<arguments>)?,163148
726121,error: Built-in function 'this' not found. Did you mean to call one of your lambda functions using this.call(<arguments>)?,951896
529621,error: Built-in function 'this' not found. Did you mean to call one of your lambda functions using this.call(<arguments>)?,456325
18891,error: Built-in function 'this' not found. Did you mean to call one of your lambda functions using this.call(<arguments>)?,665843
260760,error: Built-in function 'this' not found. Did you mean to call one of your lambda functions using this.call(<arguments>)?,687806
595887,error: Built-in function 'this' not found. Did you mean to call one of your lambda functions using this.call(<arguments>)?,277654
618263,error: Built-in function 'this' not found. Did you mean to call one of your lambda functions using this.call(<arguments>)?,874525
93388,error: Built-in function 'this' not found. Did you mean to call one of your lambda functions using this.call(<arguments>)?,717787
495001,error: Built-in function 'this' not found. Did you mean to call one of your lambda functions using this.call(<arguments>)?,541509
821066,error: Built-in function 'this' not found. Did you mean to call one of your lambda functions using this.call(<arguments>)?,222032
446783,error: Built-in function 'this' not found. Did you mean to call one of your lambda functions using this.call(<arguments>)?,716337
288705,error: Built-in function 'this' not found. Did you mean to call one of your lambda functions using this.call(<arguments>)?,481158
210129,error: Built-in function 'this' not found. Did you mean to call one of your lambda functions using this.call(<arguments>)?,566211
682238,error: Built-in function 'this' not found. Did you mean to call one of your lambda functions using this.call(<arguments>)?,722843
39041,error: Built-in function 'this' not found. Did you mean to call one of your lambda functions using this.call(<arguments>)?,152821
786452,error: Built-in function 'this' not found. Did you mean to call one of your lambda functions using this.call(<arguments>)?,816958
629655,error: Built-in function 'this' not found. Did you mean to call one of your lambda functions using this.call(<arguments>)?,620227
392299,error: Built-in function 'this' not found. Did you mean to call one of your lambda functions using this.call(<arguments>)?,714345
650043,error: Built-in function 'this' not found. Did you mean to call one of your lambda functions using this.call(<arguments>)?,687095
544295,error: Built-in function 'this' not found. Did you mean to call one of your lambda functions using this.call(<arguments>)?,858886
480745,error: Built-in function 'this' not found. Did you mean to call one of your lambda functions using this.call(<arguments>)?,48252
179692,error: Built-in function 'this' not found. Did you mean to call one of your lambda functions using this.call(<arguments>)?,148937
614986,error: Built-in function 'this' not found. Did you mean to call one of your lambda functions using this.call(<arguments>)?,376102
234000,error: Built-in function 'this' not found. Did you mean to call one of your lambda functions using this.call(<arguments>)?,526481
13684,error: Built-in function 'this' not found. Did you mean to call one of your lambda functions using this.call(<arguments>)?,614752
784416,error: Built-in function 'this' not found. Did you mean to call one of your lambda functions using this.call(<arguments>)?,911936
994443,error: Built-in function 'this' not found. Did you mean to call one of your lambda functions using this.call(<arguments>)?,205601
252808,error: Built-in function 'this' not found. Did you mean to call one of your lambda functions using this.call(<arguments>)?,552131
615753,error: Built-in function 'this' not found. Did you mean to call one of your lambda functions using this.call(<arguments>)?,257231
506370,error: Built-in function 'this' not found. Did you mean to call one of your lambda functions using this.call(<arguments>)?,566360
488726,error: Built-in function 'this' not found. Did you mean to call one of your lambda functions using this.call(<arguments>)?,448355
900776,error: Built-in function 'this' not found. Did you mean to call one of your lambda functions using this.call(<arguments>)?,273345
558563,error: Built-in function 'this' not found. Did you mean to call one of your lambda functions using this.call(<arguments>)?,604879
625975,error: Built-in function 'this' not found. Did you mean to call one of your lambda functions using this.call(<arguments>)?,450882
552802,error: Built-in function 'this' not found. Did you mean to call one of your lambda functions using this.call(<arguments>)?,362567
888560,error: Built-in function 'this' not found. Did you mean to call one of your lambda functions using this.call(<arguments>)?,39198
562555,error: Built-in function 'this' not found. Did you mean to call one of your lambda functions using this.call(<arguments>)?,734137
899779,error: Built-in function 'this' not found. Did you mean to call one of your lambda functions using this.call(<arguments>)?,20230
895668,error: Built-in function 'this' not found. Did you mean to call one of your lambda functions using this.call(<arguments>)?,586093
643309,error: Built-in function 'this' not found. Did you mean to call one of your lambda functions using this.call(<arguments>)?,356344
785208,error: Built-in function 'this' not found. Did you mean to call one of your lambda functions using this.call(<arguments>)?,244131
731517,error: Built-in function 'this' not found. Did you mean to call one of your lambda functions using this.call(<arguments>)?,220265
291831,error: Built-in function 'this' not found. Did you mean to call one of your lambda functions using this.call(<arguments>)?,34207
48609,error: Built-in function 'this' not found. Did you mean to call one of your lambda functions using this.call(<arguments>)?,105804
311339,error: Built-in function 'this' not found. Did you mean to call one of your lambda functions using this.call(<arguments>)?,264705
723763,error: Built-in function 'this' not found. Did you mean to call one of your lambda functions using this.call(<arguments>)?,450406
194662,error: Built-in function 'this' not found. Did you mean to call one of your lambda functions using this.call(<arguments>)?,116539
705316,error: Built-in function 'this' not found. Did you mean to call one of your lambda functions using this.call(<arguments>)?,206453
799772,error: Built-in function 'this' not found. Did you mean to call one of your lambda functions using this.call(<arguments>)?,544219
61041,error: Built-in function 'this' not found. Did you mean to call one of your lambda functions using this.call(<arguments>)?,422965
15420,error: Built-in function 'this' not found. Did you mean to call one of your lambda functions using this.call(<arguments>)?,878784
139582,error: Built-in function 'this' not found. Did you mean to call one of your lambda functions using this.call(<arguments>)?,359199
355369,error: Built-in function 'this' not found. Did you mean to call one of your lambda functions using this.call(<arguments>)?,502953
260215,error: Built-in function 'this' not found. Did you mean to call one of your lambda functions using this.call(<arguments>)?,431105
965824,error: Built-in function 'this' not found. Did you mean to call one of your lambda functions using this.call(<arguments>)?,608691
774870,error: Built-in function 'this' not found. Did you mean to call one of your lambda functions using this.call(<arguments>)?,917048
351985,error: Built-in function 'this' not found. Did you mean to call one of your lambda functions using this.call(<arguments>)?,25225
370378,error: Built-in function 'this' not found. Did you mean to call one of your lambda functions using this.call(<arguments>)?,917407
376443,error: Built-in function 'this' not found. Did you mean to call one of your lambda functions using this.call(<arguments>)?,51870
945502,error: Built-in function 'this' not found. Did you mean to call one of your lambda functions using this.call(<arguments>)?,68611
54941,error: Built-in function 'this' not found. Did you mean to call one of your lambda functions using this.call(<arguments>)?,884273
300222,error: Built-in function 'this' not found. Did you mean to call one of your lambda functions using this.call(<arguments>)?,901895
642997,error: Built-in function 'this' not found. Did you mean to call one of your lambda functions using this.call(<arguments>)?,715673
672419,error: Built-in function 'this' not found. Did you mean to call one of your lambda functions using this.call(<arguments>)?,319200
467123,error: Built-in function 'this' not found. Did you mean to call one of your lambda functions using this.call(<arguments>)?,578381
384,error: Built-in function 'this' not found. Did you mean to call one of your lambda functions using this.call(<arguments>)?,438532
51404,error: Built-in function 'this' not found. Did you mean to call one of your lambda functions using this.call(<arguments>)?,652224
303,error: Built-in function 'this' not found. Did you mean to call one of your lambda functions using this.call(<arguments>)?,848140
749303,error: Built-in function 'this' not found. Did you mean to call one of your lambda functions using this.call(<arguments>)?,251935
20787,error: Built-in function 'this' not found. Did you mean to call one of your lambda functions using this.call(<arguments>)?,857007
66475,error: Built-in function 'this' not found. Did you mean to call one of your lambda functions using this.call(<arguments>)?,556745
720770,error: Built-in function 'this' not found. Did you mean to call one of your lambda functions using this.call(<arguments>)?,602162
87156,error: Built-in function 'this' not found. Did you mean to call one of your lambda functions using this.call(<arguments>)?,224275
431353,error: Built-in function 'this' not found. Did you mean to call one of your lambda functions using this.call(<arguments>)?,364728
929653,error: Built-in function 'this' not found. Did you mean to call one of your lambda functions using this.call(<arguments>)?,468358
149783,error: Built-in function 'this' not found. Did you mean to call one of your lambda functions using this.call(<arguments>)?,37697
467376,error: Built-in function 'this' not found. Did you mean to call one of your lambda functions using this.call(<arguments>)?,49131
191148,error: Built-in function 'this' not found. Did you mean to call one of your lambda functions using this.call(<arguments>)?,696565
927694,error: Built-in function 'this' not found. Did you mean to call one of your lambda functions using this.call(<arguments>)?,400584
626496,error: Built-in function 'this' not found. Did you mean to call one of your lambda functions using this.call(<arguments>)?,535261
892856,error: Built-in function 'this' not found. Did you mean to call one of your lambda functions using this.call(<arguments>)?,41422
70776,error: Built-in function 'this' not found. Did you mean to call one of your lambda functions using this.call(<arguments>)?,509515
113050,error: Built-in function 'this' not found. Did you mean to call one of your lambda functions using this.call(<arguments>)?,623208
727430,error: Built-in function 'this' not found. Did you mean to call one of your lambda functions using this.call(<arguments>)?,332588
