id_empleado,nombre
201,Jermayne Synke
202,Grayce Cheverton
203,Corney Heinl
204,Carlie Schonfelder
205,Abraham Thorogood
206,Mab McGerr
207,Terza Claxton
208,Inessa Vel
209,Selie McMarquis
210,Elfreda Jocic
211,Milka Batters
212,Helyn Hartshorne
213,Lizzie Philipart
214,Mayer Abba
215,Ulrike Raggatt
216,Elbertina Fountian
217,Ray Critch
218,Melina Tingly
219,Esta Hobgen
220,Nerte Weatherburn
221,Zebulon Jelf
222,Raff Bovey
223,Keith Torrejon
224,Becky Huelin
225,Emanuel Troman
226,Laverne Surfleet
227,Shaughn Liven
228,Cristiano Castan
229,Humbert Danford
230,Almeta Sudell
231,Katerine Brownlie
232,Bibby Stockwell
233,Turner Jillings
234,Clevey Shinn
235,Elwin Carmel
236,Trista Purdie
237,Ethe Rupel
238,Augustina Steeden
239,Lucien Jodkowski
240,Minor O'Gorman
241,Gabby Najara
242,Dorena Brownfield
243,Eve MacRedmond
244,Kimbell Cleaves
245,Richmond Nanson
246,Giles Wanless
247,Baxie Wheeler
248,Allys Burnsell
249,Alexina Fetter
250,Earle Gerrelts
251,Bobbie Reichartz
252,Levi Boyle
253,Bird Clapham
254,Errol Perkis
255,Abba Reightley
256,Clarinda Ambage
257,Iseabal MacGiolla Pheadair
258,Sam Broggelli
259,Bel Cockle
260,Lark Martinovsky
261,Rafaello Waplington
262,Lauretta Dennehy
263,Ravi Bunford
264,Joellen Crux
265,Pierce Huguenet
266,Rey Tidbold
267,Deane Fordy
268,Harman Flasby
269,Gaby Ghirigori
270,Abram Eskriett
271,Hazlett Baudi
272,Tadeo Nicolls
273,Alair Glenister
274,Eldon Nuss
275,Nealon Thewlis
276,Geraldine Ruste
277,Moria Loxly
278,Gifford Vasyushkhin
279,Gabriello Shrimplin
280,Osbourne Kencott
