id_contenedor,peso_neto,estado_contenedor,peso_maximo,valor_neto,id_almacen,id_buque
448308,749.5,"Donec semper sapien a libero. Nam dui. Proin leo odio, porttitor id, consequat in, consequat ut, nulla. Sed accumsan felis.",232.28,7477.3568,523962,969155
273849,569.88,"Phasellus id sapien in sapien iaculis congue. Vivamus metus arcu, adipiscing molestie, hendrerit at, vulputate vitae, nisl. Aenean lectus.",913.29,9779.89,259632,172149
830301,299.81,Fusce consequat.,54.88,3331.5015,962363,147904
173882,525.69,"Nunc rhoncus dui vel sem. Sed sagittis. Nam congue, risus semper porta volutpat, quam pede lobortis ligula, sit amet eleifend pede libero quis orci.",573.04,3261.7766,415108,586867
297508,404.9,Sed vel enim sit amet nunc viverra dapibus.,100.46,4984.2117,128005,552333
531920,64.59,"Praesent blandit. Nam nulla. Integer pede justo, lacinia eget, tincidunt eget, tempus vel, pede. Morbi porttitor lorem id ligula.",5.42,7294.3672,714752,652624
533585,45.63,Pellentesque eget nunc. Donec quis orci eget orci vehicula condimentum. Curabitur in libero ut massa volutpat convallis.,59.86,461.9926,861518,369925
801910,0.68,Aliquam erat volutpat. In congue. Etiam justo. Etiam pretium iaculis justo. In hac habitasse platea dictumst.,797.07,548.6235,15234,587395
694273,78.32,"Nunc rhoncus dui vel sem. Sed sagittis. Nam congue, risus semper porta volutpat, quam pede lobortis ligula, sit amet eleifend pede libero quis orci. Nullam molestie nibh in lectus. Pellentesque at nulla.",872.71,3612.4203,660118,896965
492818,110.2,"Nam ultrices, libero non mattis pulvinar, nulla pede ullamcorper augue, a suscipit nulla elit ac nulla.",404.38,2178.9862,143557,709550
893459,154.69,"Morbi quis tortor id nulla ultrices aliquet. Maecenas leo odio, condimentum id, luctus nec, molestie sed, justo. Pellentesque viverra pede ac diam. Cras pellentesque volutpat dui. Maecenas tristique, est et tempus semper, est quam pharetra magna, ac consequat metus sapien ut nunc.",609.7,9620.2515,126852,601826
73248,492.18,Suspendisse ornare consequat lectus.,907.11,9689.5668,972325,786986
812494,138.49,Vestibulum ante ipsum primis in faucibus orci luctus et ultrices posuere cubilia Curae; Duis faucibus accumsan odio. Curabitur convallis. Duis consequat dui nec nisi volutpat eleifend.,65.21,6896.248,55166,177622
153143,346.75,In congue.,510.86,6409.908,73847,900392
81432,697.17,Aenean lectus. Pellentesque eget nunc.,384.78,8542.6224,293296,693058
521284,16.24,"Proin leo odio, porttitor id, consequat in, consequat ut, nulla.",881.14,3849.3995,24324,308720
437102,652.62,Phasellus id sapien in sapien iaculis congue.,836.95,2654.2196,757852,912334
74676,14.85,"Lorem ipsum dolor sit amet, consectetuer adipiscing elit. Proin risus. Praesent lectus. Vestibulum quam sapien, varius ut, blandit non, interdum in, ante. Vestibulum ante ipsum primis in faucibus orci luctus et ultrices posuere cubilia Curae; Duis faucibus accumsan odio.",198.28,3002.9361,219748,628790
577775,849.55,"Nunc rhoncus dui vel sem. Sed sagittis. Nam congue, risus semper porta volutpat, quam pede lobortis ligula, sit amet eleifend pede libero quis orci. Nullam molestie nibh in lectus. Pellentesque at nulla.",393.8,3672.6262,877836,568599
56976,590.01,"Integer non velit. Donec diam neque, vestibulum eget, vulputate ut, ultrices vel, augue. Vestibulum ante ipsum primis in faucibus orci luctus et ultrices posuere cubilia Curae; Donec pharetra, magna vestibulum aliquet ultrices, erat tortor sollicitudin mi, sit amet lobortis sapien sapien non mi. Integer ac neque. Duis bibendum.",55.93,1112.3228,439557,78964
560472,188.25,Duis mattis egestas metus. Aenean fermentum.,183.59,1134.8565,890596,210304
262828,509.9,"Cras mi pede, malesuada in, imperdiet et, commodo vulputate, justo. In blandit ultrices enim. Lorem ipsum dolor sit amet, consectetuer adipiscing elit. Proin interdum mauris non ligula pellentesque ultrices.",586.51,7984.1031,764441,893014
646959,90.25,"Donec odio justo, sollicitudin ut, suscipit a, feugiat et, eros.",687.16,1147.8713,550357,879163
262498,23.57,"Duis bibendum, felis sed interdum venenatis, turpis enim blandit mi, in porttitor pede justo eu massa. Donec dapibus.",794.32,5225.9719,516697,64441
752819,725.22,Morbi non quam nec dui luctus rutrum. Nulla tellus.,695.09,5040.4099,989241,153086
408116,46.22,Vivamus in felis eu sapien cursus vestibulum. Proin eu mi. Nulla ac enim.,222.27,9060.3807,492701,524495
980343,913.16,Suspendisse potenti. In eleifend quam a odio. In hac habitasse platea dictumst. Maecenas ut massa quis augue luctus tincidunt.,584.25,6778.4584,878269,587553
822979,789.13,"Nunc purus. Phasellus in felis. Donec semper sapien a libero. Nam dui. Proin leo odio, porttitor id, consequat in, consequat ut, nulla.",148.13,5019.736,171850,475184
518231,743.03,"Integer a nibh. In quis justo. Maecenas rhoncus aliquam lacus. Morbi quis tortor id nulla ultrices aliquet. Maecenas leo odio, condimentum id, luctus nec, molestie sed, justo.",393.96,1711.6852,294790,866809
670738,362.21,In hac habitasse platea dictumst. Maecenas ut massa quis augue luctus tincidunt. Nulla mollis molestie lorem. Quisque ut erat.,500.24,2467.0325,702487,960043
250926,213.89,"Quisque id justo sit amet sapien dignissim vestibulum. Vestibulum ante ipsum primis in faucibus orci luctus et ultrices posuere cubilia Curae; Nulla dapibus dolor vel est. Donec odio justo, sollicitudin ut, suscipit a, feugiat et, eros. Vestibulum ac est lacinia nisi venenatis tristique. Fusce congue, diam id ornare imperdiet, sapien urna pretium nisl, ut volutpat sapien arcu sed augue.",187.51,4873.921,701467,234549
242535,487.72,Nullam porttitor lacus at turpis.,494.84,96.8391,179956,941708
104559,680.23,"Donec ut dolor. Morbi vel lectus in quam fringilla rhoncus. Mauris enim leo, rhoncus sed, vestibulum sit amet, cursus id, turpis.",500.81,4199.8992,364935,615887
53043,430.43,Sed accumsan felis. Ut at dolor quis odio consequat varius. Integer ac leo. Pellentesque ultrices mattis odio. Donec vitae nisi.,894.81,1002.3171,936729,113375
181586,981.22,"Cum sociis natoque penatibus et magnis dis parturient montes, nascetur ridiculus mus. Etiam vel augue. Vestibulum rutrum rutrum neque. Aenean auctor gravida sem.",12.41,1901.3106,639348,684253
668609,176.71,"Cras pellentesque volutpat dui. Maecenas tristique, est et tempus semper, est quam pharetra magna, ac consequat metus sapien ut nunc.",147.82,5391.0772,264692,437763
742895,980.49,Nulla mollis molestie lorem.,816.81,2690.6754,454815,825316
618103,371.98,"Integer pede justo, lacinia eget, tincidunt eget, tempus vel, pede. Morbi porttitor lorem id ligula. Suspendisse ornare consequat lectus. In est risus, auctor sed, tristique in, tempus sit amet, sem. Fusce consequat.",391.04,447.3247,544628,310076
458889,698.13,"Integer pede justo, lacinia eget, tincidunt eget, tempus vel, pede. Morbi porttitor lorem id ligula. Suspendisse ornare consequat lectus. In est risus, auctor sed, tristique in, tempus sit amet, sem.",675.38,2212.7277,199894,169204
731278,964.43,Nullam sit amet turpis elementum ligula vehicula consequat. Morbi a ipsum.,768.98,1843.7126,324823,164351
913639,890.94,"Morbi non lectus. Aliquam sit amet diam in magna bibendum imperdiet. Nullam orci pede, venenatis non, sodales sed, tincidunt eu, felis. Fusce posuere felis sed lacus.",481.88,4069.9906,229310,565002
850416,750.93,"Morbi quis tortor id nulla ultrices aliquet. Maecenas leo odio, condimentum id, luctus nec, molestie sed, justo.",586.26,9154.8222,562814,532756
625716,885.57,"Suspendisse potenti. Cras in purus eu magna vulputate luctus. Cum sociis natoque penatibus et magnis dis parturient montes, nascetur ridiculus mus. Vivamus vestibulum sagittis sapien.",504.54,3526.3641,369704,426265
255661,548.3,Curabitur convallis. Duis consequat dui nec nisi volutpat eleifend. Donec ut dolor. Morbi vel lectus in quam fringilla rhoncus.,726.31,6000.4658,191762,442261
149766,113.3,Suspendisse accumsan tortor quis turpis. Sed ante. Vivamus tortor.,584.26,7594.7389,394630,283767
31571,404.6,"Donec odio justo, sollicitudin ut, suscipit a, feugiat et, eros. Vestibulum ac est lacinia nisi venenatis tristique. Fusce congue, diam id ornare imperdiet, sapien urna pretium nisl, ut volutpat sapien arcu sed augue.",339.62,7459.0541,212304,215557
80874,386.96,"Nullam orci pede, venenatis non, sodales sed, tincidunt eu, felis.",971.25,2149.3835,853698,812501
290297,707.42,"In est risus, auctor sed, tristique in, tempus sit amet, sem.",246.09,6464.8129,101512,554113
25173,530.27,"In blandit ultrices enim. Lorem ipsum dolor sit amet, consectetuer adipiscing elit.",174.89,9148.8116,138353,98452
495360,130.82,"Cras pellentesque volutpat dui. Maecenas tristique, est et tempus semper, est quam pharetra magna, ac consequat metus sapien ut nunc. Vestibulum ante ipsum primis in faucibus orci luctus et ultrices posuere cubilia Curae; Mauris viverra diam vitae quam. Suspendisse potenti.",490.02,581.8597,812285,472007
300799,932.71,Nulla ut erat id mauris vulputate elementum.,253.1,409.747,38262,327066
91751,54.15,"Integer aliquet, massa id lobortis convallis, tortor risus dapibus augue, vel accumsan tellus nisi eu orci. Mauris lacinia sapien quis libero. Nullam sit amet turpis elementum ligula vehicula consequat. Morbi a ipsum. Integer a nibh.",272.04,8955.6771,40170,188639
178640,518.77,Suspendisse potenti.,877.35,6136.0806,412790,335641
241631,514.28,Suspendisse potenti. Nullam porttitor lacus at turpis. Donec posuere metus vitae ipsum.,2.8,6317.9084,867474,818833
115685,766.26,Maecenas rhoncus aliquam lacus.,519.62,1827.3648,494595,771143
482596,182.5,Donec dapibus. Duis at velit eu est congue elementum.,164.54,169.5961,489916,847705
776804,178.58,"Curabitur in libero ut massa volutpat convallis. Morbi odio odio, elementum eu, interdum eu, tincidunt in, leo. Maecenas pulvinar lobortis est. Phasellus sit amet erat. Nulla tempus.",536.92,984.5878,394768,221459
281498,762.38,"Curabitur gravida nisi at nibh. In hac habitasse platea dictumst. Aliquam augue quam, sollicitudin vitae, consectetuer eget, rutrum at, lorem.",146.15,8224.5478,933983,777953
195562,93.77,"Morbi vestibulum, velit id pretium iaculis, diam erat fermentum justo, nec condimentum neque sapien placerat ante.",797.02,5986.3641,675189,251624
983547,337.55,Proin at turpis a pede posuere nonummy. Integer non velit.,295.83,1107.4416,670902,835784
905658,387.33,Nullam sit amet turpis elementum ligula vehicula consequat. Morbi a ipsum. Integer a nibh. In quis justo.,505.69,34.0555,904354,304237
957972,33.07,Nunc rhoncus dui vel sem.,424.68,9232.5218,196403,624967
106896,209.76,Morbi porttitor lorem id ligula. Suspendisse ornare consequat lectus.,492.56,1574.9174,746963,774584
309769,626.58,"Suspendisse ornare consequat lectus. In est risus, auctor sed, tristique in, tempus sit amet, sem. Fusce consequat. Nulla nisl. Nunc nisl.",582.44,1792.9495,336345,125725
800946,971.38,"Vestibulum quam sapien, varius ut, blandit non, interdum in, ante.",977.45,1411.6836,977535,681701
909630,493.26,"Nunc nisl. Duis bibendum, felis sed interdum venenatis, turpis enim blandit mi, in porttitor pede justo eu massa.",511.76,4248.059,911860,407710
100372,195.17,"Nam ultrices, libero non mattis pulvinar, nulla pede ullamcorper augue, a suscipit nulla elit ac nulla. Sed vel enim sit amet nunc viverra dapibus.",18.66,6156.5285,908286,888459
233789,517.7,Etiam pretium iaculis justo. In hac habitasse platea dictumst. Etiam faucibus cursus urna. Ut tellus. Nulla ut erat id mauris vulputate elementum.,159.26,4767.7314,242129,37492
764766,111.11,Cras pellentesque volutpat dui.,126.29,7544.0453,484900,306673
120706,167.99,Nulla tellus. In sagittis dui vel nisl.,540.67,9633.6864,495644,668244
621935,895.02,"Donec odio justo, sollicitudin ut, suscipit a, feugiat et, eros.",68.73,842.3282,383830,370490
784317,685.48,Maecenas pulvinar lobortis est. Phasellus sit amet erat. Nulla tempus.,916.57,4913.8045,679320,907954
780181,23.02,"In hac habitasse platea dictumst. Morbi vestibulum, velit id pretium iaculis, diam erat fermentum justo, nec condimentum neque sapien placerat ante. Nulla justo.",583.39,4425.3095,382934,393433
340223,374.11,"Duis mattis egestas metus. Aenean fermentum. Donec ut mauris eget massa tempor convallis. Nulla neque libero, convallis eget, eleifend luctus, ultricies eu, nibh.",313.28,8291.7048,836295,544756
566392,359.15,Phasellus sit amet erat. Nulla tempus. Vivamus in felis eu sapien cursus vestibulum. Proin eu mi. Nulla ac enim.,924.27,1217.83,574175,446173
325115,196.16,Praesent blandit lacinia erat. Vestibulum sed magna at nunc commodo placerat. Praesent blandit. Nam nulla.,650.0,9522.7018,654133,450982
86050,434.84,Sed accumsan felis. Ut at dolor quis odio consequat varius. Integer ac leo. Pellentesque ultrices mattis odio. Donec vitae nisi.,42.32,9874.0567,837810,412417
133346,142.43,Morbi non lectus. Aliquam sit amet diam in magna bibendum imperdiet.,882.12,9558.4491,419075,884078
931152,29.06,In eleifend quam a odio.,895.95,6816.6769,612318,330535
444492,145.67,"Suspendisse potenti. Cras in purus eu magna vulputate luctus. Cum sociis natoque penatibus et magnis dis parturient montes, nascetur ridiculus mus.",549.7,7125.768,624417,650684
500147,63.47,"Maecenas leo odio, condimentum id, luctus nec, molestie sed, justo. Pellentesque viverra pede ac diam. Cras pellentesque volutpat dui. Maecenas tristique, est et tempus semper, est quam pharetra magna, ac consequat metus sapien ut nunc.",419.13,7668.5471,779705,466781
330661,135.65,Cras non velit nec nisi vulputate nonummy. Maecenas tincidunt lacus at velit.,840.82,296.1836,691581,209734
957010,425.66,"Vestibulum ante ipsum primis in faucibus orci luctus et ultrices posuere cubilia Curae; Donec pharetra, magna vestibulum aliquet ultrices, erat tortor sollicitudin mi, sit amet lobortis sapien sapien non mi.",112.88,12.663,831903,371747
570765,561.0,"Vestibulum ante ipsum primis in faucibus orci luctus et ultrices posuere cubilia Curae; Nulla dapibus dolor vel est. Donec odio justo, sollicitudin ut, suscipit a, feugiat et, eros. Vestibulum ac est lacinia nisi venenatis tristique.",247.07,6150.2741,46203,439524
180725,404.68,"Fusce lacus purus, aliquet at, feugiat non, pretium quis, lectus. Suspendisse potenti. In eleifend quam a odio. In hac habitasse platea dictumst.",809.22,3083.4655,217128,346813
931596,667.5,"Vivamus tortor. Duis mattis egestas metus. Aenean fermentum. Donec ut mauris eget massa tempor convallis. Nulla neque libero, convallis eget, eleifend luctus, ultricies eu, nibh.",48.21,9839.9833,790720,480352
50354,227.4,Curabitur convallis.,624.08,8477.2627,483590,237781
252994,583.26,"Maecenas tincidunt lacus at velit. Vivamus vel nulla eget eros elementum pellentesque. Quisque porta volutpat erat. Quisque erat eros, viverra eget, congue eget, semper rutrum, nulla.",847.4,1009.7211,429738,928740
234708,38.91,Praesent lectus.,106.25,9252.3638,648197,568685
554877,896.94,"Pellentesque ultrices mattis odio. Donec vitae nisi. Nam ultrices, libero non mattis pulvinar, nulla pede ullamcorper augue, a suscipit nulla elit ac nulla. Sed vel enim sit amet nunc viverra dapibus.",746.92,1948.0972,662489,834053
350665,230.85,"Duis consequat dui nec nisi volutpat eleifend. Donec ut dolor. Morbi vel lectus in quam fringilla rhoncus. Mauris enim leo, rhoncus sed, vestibulum sit amet, cursus id, turpis. Integer aliquet, massa id lobortis convallis, tortor risus dapibus augue, vel accumsan tellus nisi eu orci.",9.09,1651.2282,879763,442174
97295,192.92,"In tempor, turpis nec euismod scelerisque, quam turpis adipiscing lorem, vitae mattis nibh ligula nec sem.",49.94,5646.1293,823131,502377
392862,366.34,Fusce consequat.,339.93,3360.5708,535941,301624
533619,425.57,"Aliquam sit amet diam in magna bibendum imperdiet. Nullam orci pede, venenatis non, sodales sed, tincidunt eu, felis. Fusce posuere felis sed lacus. Morbi sem mauris, laoreet ut, rhoncus aliquet, pulvinar sed, nisl.",536.59,786.0231,186608,200629
916257,758.8,"Vestibulum ante ipsum primis in faucibus orci luctus et ultrices posuere cubilia Curae; Donec pharetra, magna vestibulum aliquet ultrices, erat tortor sollicitudin mi, sit amet lobortis sapien sapien non mi. Integer ac neque. Duis bibendum.",837.19,5935.363,257561,962396
82090,521.12,Donec ut dolor.,766.78,5902.3467,237788,604168
554638,693.3,Pellentesque at nulla. Suspendisse potenti.,199.7,4419.8157,790374,662797
37823,922.29,Etiam faucibus cursus urna.,817.97,1891.3262,660074,676502
446471,15.99,"Duis consequat dui nec nisi volutpat eleifend. Donec ut dolor. Morbi vel lectus in quam fringilla rhoncus. Mauris enim leo, rhoncus sed, vestibulum sit amet, cursus id, turpis.",29.91,4509.182,990500,275043
116280,177.61,In quis justo.,177.31,6611.8592,138353,86080
