id_almacen,tipo_almacen
92671,bibendum imperdiet nullam orci pede venenatis non sodales sed tincidunt eu felis fusce posuere felis
51892,lacinia nisi venenatis tristique fusce congue diam id ornare imperdiet
355341,placerat ante nulla justo aliquam quis turpis eget elit sodales
394365,aliquam lacus morbi quis tortor id nulla ultrices aliquet maecenas leo
710277,purus eu magna vulputate luctus cum sociis natoque penatibus et
789908,vulputate luctus cum sociis natoque penatibus et magnis dis parturient montes nascetur ridiculus mus vivamus
332498,ut nulla sed accumsan felis ut at dolor quis odio consequat
200918,pede justo lacinia eget tincidunt eget tempus vel pede morbi porttitor lorem id ligula
564455,eget rutrum at lorem integer tincidunt ante vel ipsum praesent blandit lacinia erat vestibulum sed
852334,vehicula consequat morbi a ipsum integer a nibh in quis justo maecenas rhoncus aliquam lacus
411014,nulla ultrices aliquet maecenas leo odio condimentum id luctus nec molestie
758445,rutrum nulla nunc purus phasellus in felis donec semper sapien a libero nam
678412,eget eleifend luctus ultricies eu nibh quisque id justo sit amet sapien
508440,id pretium iaculis diam erat fermentum justo nec condimentum neque
93651,dictumst aliquam augue quam sollicitudin vitae consectetuer eget rutrum at lorem integer tincidunt ante
93967,sed vestibulum sit amet cursus id turpis integer aliquet massa id lobortis convallis
431825,lobortis vel dapibus at diam nam tristique tortor eu pede
180920,aliquam convallis nunc proin at turpis a pede posuere nonummy integer non
17106,ac leo pellentesque ultrices mattis odio donec vitae nisi nam ultrices libero non
689644,posuere metus vitae ipsum aliquam non mauris morbi non lectus aliquam
640126,tincidunt in leo maecenas pulvinar lobortis est phasellus sit amet erat
581916,semper est quam pharetra magna ac consequat metus sapien ut nunc vestibulum
21586,mattis egestas metus aenean fermentum donec ut mauris eget massa tempor convallis
361888,nullam sit amet turpis elementum ligula vehicula consequat morbi a ipsum integer a nibh in
451461,eros viverra eget congue eget semper rutrum nulla nunc purus phasellus in felis donec
268838,eu massa donec dapibus duis at velit eu est congue elementum in
107003,hendrerit at vulputate vitae nisl aenean lectus pellentesque eget nunc donec
744081,eros viverra eget congue eget semper rutrum nulla nunc purus phasellus in felis donec semper
401274,feugiat non pretium quis lectus suspendisse potenti in eleifend quam
697177,id ornare imperdiet sapien urna pretium nisl ut volutpat sapien arcu sed augue
838655,mi in porttitor pede justo eu massa donec dapibus duis at velit eu est
143059,donec vitae nisi nam ultrices libero non mattis pulvinar nulla pede
81095,aliquam quis turpis eget elit sodales scelerisque mauris sit amet
969899,porta volutpat erat quisque erat eros viverra eget congue eget
568356,pharetra magna ac consequat metus sapien ut nunc vestibulum ante ipsum
725951,odio cras mi pede malesuada in imperdiet et commodo vulputate justo in blandit ultrices enim
976741,at turpis a pede posuere nonummy integer non velit donec diam neque vestibulum
95259,ultrices posuere cubilia curae nulla dapibus dolor vel est donec
60879,ultrices phasellus id sapien in sapien iaculis congue vivamus metus arcu adipiscing molestie hendrerit at
343149,mattis egestas metus aenean fermentum donec ut mauris eget massa tempor convallis nulla
716869,in faucibus orci luctus et ultrices posuere cubilia curae mauris
76839,curabitur convallis duis consequat dui nec nisi volutpat eleifend donec ut dolor morbi vel
182491,ut erat curabitur gravida nisi at nibh in hac habitasse platea dictumst aliquam augue
478089,porta volutpat quam pede lobortis ligula sit amet eleifend pede libero quis
582027,lectus vestibulum quam sapien varius ut blandit non interdum in ante
680205,ullamcorper augue a suscipit nulla elit ac nulla sed vel
386220,vitae nisi nam ultrices libero non mattis pulvinar nulla pede ullamcorper augue
737025,nulla nunc purus phasellus in felis donec semper sapien a libero nam dui proin
938797,in faucibus orci luctus et ultrices posuere cubilia curae mauris viverra diam vitae
17643,erat id mauris vulputate elementum nullam varius nulla facilisi cras non
737796,arcu adipiscing molestie hendrerit at vulputate vitae nisl aenean lectus pellentesque
958818,sed vel enim sit amet nunc viverra dapibus nulla suscipit
111695,volutpat convallis morbi odio odio elementum eu interdum eu tincidunt in leo maecenas pulvinar
841451,sit amet consectetuer adipiscing elit proin risus praesent lectus vestibulum quam
979128,dolor quis odio consequat varius integer ac leo pellentesque ultrices mattis odio donec
772613,lobortis convallis tortor risus dapibus augue vel accumsan tellus nisi eu orci mauris lacinia sapien
382587,pharetra magna ac consequat metus sapien ut nunc vestibulum ante
130630,ut volutpat sapien arcu sed augue aliquam erat volutpat in congue etiam
957722,hac habitasse platea dictumst morbi vestibulum velit id pretium iaculis diam
599428,egestas metus aenean fermentum donec ut mauris eget massa tempor convallis nulla neque libero
921205,ipsum primis in faucibus orci luctus et ultrices posuere cubilia curae donec
517301,orci luctus et ultrices posuere cubilia curae nulla dapibus dolor vel est donec
122826,aliquam quis turpis eget elit sodales scelerisque mauris sit amet
660854,nisi volutpat eleifend donec ut dolor morbi vel lectus in quam fringilla
405982,turpis nec euismod scelerisque quam turpis adipiscing lorem vitae mattis nibh ligula nec sem duis
577082,aenean sit amet justo morbi ut odio cras mi pede malesuada in imperdiet et
403313,odio justo sollicitudin ut suscipit a feugiat et eros vestibulum ac est lacinia nisi venenatis
689824,risus dapibus augue vel accumsan tellus nisi eu orci mauris lacinia sapien
518171,et magnis dis parturient montes nascetur ridiculus mus vivamus vestibulum sagittis sapien cum sociis
139544,dictumst morbi vestibulum velit id pretium iaculis diam erat fermentum justo nec condimentum neque sapien
347376,turpis adipiscing lorem vitae mattis nibh ligula nec sem duis aliquam convallis nunc proin
708211,amet nunc viverra dapibus nulla suscipit ligula in lacus curabitur at ipsum ac
204056,eget vulputate ut ultrices vel augue vestibulum ante ipsum primis in faucibus orci luctus
262097,dui luctus rutrum nulla tellus in sagittis dui vel nisl duis ac nibh fusce
925004,massa quis augue luctus tincidunt nulla mollis molestie lorem quisque ut erat curabitur gravida
815733,nulla ac enim in tempor turpis nec euismod scelerisque quam turpis adipiscing
140559,erat nulla tempus vivamus in felis eu sapien cursus vestibulum proin
175950,dapibus dolor vel est donec odio justo sollicitudin ut suscipit a feugiat et eros vestibulum
203202,ipsum praesent blandit lacinia erat vestibulum sed magna at nunc
582287,nibh in hac habitasse platea dictumst aliquam augue quam sollicitudin
871836,praesent blandit nam nulla integer pede justo lacinia eget tincidunt eget tempus vel pede morbi
599296,donec odio justo sollicitudin ut suscipit a feugiat et eros
624130,erat curabitur gravida nisi at nibh in hac habitasse platea dictumst aliquam augue quam
809912,eleifend pede libero quis orci nullam molestie nibh in lectus pellentesque at
39570,id turpis integer aliquet massa id lobortis convallis tortor risus dapibus
934322,neque libero convallis eget eleifend luctus ultricies eu nibh quisque
605555,ac consequat metus sapien ut nunc vestibulum ante ipsum primis in faucibus
615644,nam dui proin leo odio porttitor id consequat in consequat
563601,vehicula consequat morbi a ipsum integer a nibh in quis justo maecenas rhoncus
80596,aliquam sit amet diam in magna bibendum imperdiet nullam orci pede venenatis non
723479,imperdiet nullam orci pede venenatis non sodales sed tincidunt eu felis fusce posuere felis
370438,felis donec semper sapien a libero nam dui proin leo odio porttitor
461279,in eleifend quam a odio in hac habitasse platea dictumst maecenas ut massa quis augue
930273,leo odio porttitor id consequat in consequat ut nulla sed accumsan felis
933222,in tempor turpis nec euismod scelerisque quam turpis adipiscing lorem vitae mattis
537725,turpis enim blandit mi in porttitor pede justo eu massa donec dapibus
72340,suspendisse potenti nullam porttitor lacus at turpis donec posuere metus vitae ipsum aliquam non mauris
121391,dictumst maecenas ut massa quis augue luctus tincidunt nulla mollis
36628,fermentum donec ut mauris eget massa tempor convallis nulla neque libero convallis
596861,elementum nullam varius nulla facilisi cras non velit nec nisi vulputate nonummy maecenas tincidunt lacus
