id_producto,descripcion,precio,ruta_imagen
error: Built-in function 'this' not found. Did you mean to call one of your lambda functions using this.call(<arguments>)?,sollicitudin ut suscipit a feugiat et eros vestibulum ac est lacinia nisi venenatis tristique,$567.10,http://dummyimage.com/159x100.png/5fa2dd/ffffff
error: Built-in function 'this' not found. Did you mean to call one of your lambda functions using this.call(<arguments>)?,proin leo odio porttitor id consequat in consequat ut,$443.79,http://dummyimage.com/184x100.png/dddddd/000000
error: Built-in function 'this' not found. Did you mean to call one of your lambda functions using this.call(<arguments>)?,posuere felis sed lacus morbi sem mauris laoreet ut rhoncus aliquet pulvinar,$582.99,http://dummyimage.com/212x100.png/cc0000/ffffff
error: Built-in function 'this' not found. Did you mean to call one of your lambda functions using this.call(<arguments>)?,ridiculus mus etiam vel augue vestibulum rutrum rutrum neque aenean auctor,$737.91,http://dummyimage.com/134x100.png/ff4444/ffffff
error: Built-in function 'this' not found. Did you mean to call one of your lambda functions using this.call(<arguments>)?,massa id nisl venenatis lacinia aenean sit amet justo morbi ut odio cras,$283.85,http://dummyimage.com/151x100.png/dddddd/000000
error: Built-in function 'this' not found. Did you mean to call one of your lambda functions using this.call(<arguments>)?,eros vestibulum ac est lacinia nisi venenatis tristique fusce congue diam id,$603.86,http://dummyimage.com/178x100.png/cc0000/ffffff
error: Built-in function 'this' not found. Did you mean to call one of your lambda functions using this.call(<arguments>)?,id luctus nec molestie sed justo pellentesque viverra pede ac diam cras pellentesque,$986.79,http://dummyimage.com/132x100.png/5fa2dd/ffffff
error: Built-in function 'this' not found. Did you mean to call one of your lambda functions using this.call(<arguments>)?,nulla tempus vivamus in felis eu sapien cursus vestibulum proin eu mi nulla,$100.17,http://dummyimage.com/130x100.png/ff4444/ffffff
error: Built-in function 'this' not found. Did you mean to call one of your lambda functions using this.call(<arguments>)?,urna pretium nisl ut volutpat sapien arcu sed augue aliquam erat volutpat,$786.83,http://dummyimage.com/162x100.png/cc0000/ffffff
error: Built-in function 'this' not found. Did you mean to call one of your lambda functions using this.call(<arguments>)?,volutpat dui maecenas tristique est et tempus semper est quam pharetra magna ac,$310.45,http://dummyimage.com/212x100.png/dddddd/000000
error: Built-in function 'this' not found. Did you mean to call one of your lambda functions using this.call(<arguments>)?,faucibus orci luctus et ultrices posuere cubilia curae mauris viverra diam vitae,$854.15,http://dummyimage.com/155x100.png/5fa2dd/ffffff
error: Built-in function 'this' not found. Did you mean to call one of your lambda functions using this.call(<arguments>)?,elit proin risus praesent lectus vestibulum quam sapien varius ut blandit non interdum in ante,$783.33,http://dummyimage.com/159x100.png/5fa2dd/ffffff
error: Built-in function 'this' not found. Did you mean to call one of your lambda functions using this.call(<arguments>)?,consectetuer eget rutrum at lorem integer tincidunt ante vel ipsum,$458.75,http://dummyimage.com/182x100.png/cc0000/ffffff
error: Built-in function 'this' not found. Did you mean to call one of your lambda functions using this.call(<arguments>)?,facilisi cras non velit nec nisi vulputate nonummy maecenas tincidunt lacus at velit vivamus,$903.16,http://dummyimage.com/100x100.png/5fa2dd/ffffff
error: Built-in function 'this' not found. Did you mean to call one of your lambda functions using this.call(<arguments>)?,quis augue luctus tincidunt nulla mollis molestie lorem,$571.73,http://dummyimage.com/199x100.png/5fa2dd/ffffff
error: Built-in function 'this' not found. Did you mean to call one of your lambda functions using this.call(<arguments>)?,magna ac consequat metus sapien ut nunc vestibulum,$969.45,http://dummyimage.com/198x100.png/cc0000/ffffff
error: Built-in function 'this' not found. Did you mean to call one of your lambda functions using this.call(<arguments>)?,accumsan tellus nisi eu orci mauris lacinia sapien quis libero nullam sit amet,$429.42,http://dummyimage.com/235x100.png/5fa2dd/ffffff
error: Built-in function 'this' not found. Did you mean to call one of your lambda functions using this.call(<arguments>)?,nonummy maecenas tincidunt lacus at velit vivamus vel nulla eget,$111.03,http://dummyimage.com/247x100.png/ff4444/ffffff
error: Built-in function 'this' not found. Did you mean to call one of your lambda functions using this.call(<arguments>)?,erat tortor sollicitudin mi sit amet lobortis sapien sapien non mi integer ac,$933.96,http://dummyimage.com/134x100.png/dddddd/000000
error: Built-in function 'this' not found. Did you mean to call one of your lambda functions using this.call(<arguments>)?,duis bibendum morbi non quam nec dui luctus rutrum nulla tellus in sagittis dui,$870.98,http://dummyimage.com/234x100.png/cc0000/ffffff
error: Built-in function 'this' not found. Did you mean to call one of your lambda functions using this.call(<arguments>)?,donec vitae nisi nam ultrices libero non mattis pulvinar nulla,$331.15,http://dummyimage.com/183x100.png/dddddd/000000
error: Built-in function 'this' not found. Did you mean to call one of your lambda functions using this.call(<arguments>)?,diam vitae quam suspendisse potenti nullam porttitor lacus at turpis donec posuere metus,$774.01,http://dummyimage.com/144x100.png/cc0000/ffffff
error: Built-in function 'this' not found. Did you mean to call one of your lambda functions using this.call(<arguments>)?,blandit ultrices enim lorem ipsum dolor sit amet consectetuer adipiscing elit proin interdum mauris non,$942.25,http://dummyimage.com/203x100.png/ff4444/ffffff
error: Built-in function 'this' not found. Did you mean to call one of your lambda functions using this.call(<arguments>)?,integer pede justo lacinia eget tincidunt eget tempus vel pede morbi porttitor,$834.67,http://dummyimage.com/188x100.png/dddddd/000000
error: Built-in function 'this' not found. Did you mean to call one of your lambda functions using this.call(<arguments>)?,vestibulum proin eu mi nulla ac enim in tempor,$344.66,http://dummyimage.com/230x100.png/dddddd/000000
error: Built-in function 'this' not found. Did you mean to call one of your lambda functions using this.call(<arguments>)?,quis odio consequat varius integer ac leo pellentesque ultrices mattis odio donec vitae nisi,$157.30,http://dummyimage.com/169x100.png/5fa2dd/ffffff
error: Built-in function 'this' not found. Did you mean to call one of your lambda functions using this.call(<arguments>)?,non mauris morbi non lectus aliquam sit amet diam in magna bibendum imperdiet nullam orci,$261.57,http://dummyimage.com/149x100.png/ff4444/ffffff
error: Built-in function 'this' not found. Did you mean to call one of your lambda functions using this.call(<arguments>)?,ullamcorper purus sit amet nulla quisque arcu libero rutrum,$960.36,http://dummyimage.com/151x100.png/5fa2dd/ffffff
error: Built-in function 'this' not found. Did you mean to call one of your lambda functions using this.call(<arguments>)?,porta volutpat erat quisque erat eros viverra eget congue,$646.12,http://dummyimage.com/171x100.png/cc0000/ffffff
error: Built-in function 'this' not found. Did you mean to call one of your lambda functions using this.call(<arguments>)?,rhoncus dui vel sem sed sagittis nam congue risus,$101.51,http://dummyimage.com/208x100.png/cc0000/ffffff
error: Built-in function 'this' not found. Did you mean to call one of your lambda functions using this.call(<arguments>)?,a pede posuere nonummy integer non velit donec diam neque vestibulum eget vulputate ut ultrices,$793.67,http://dummyimage.com/134x100.png/cc0000/ffffff
error: Built-in function 'this' not found. Did you mean to call one of your lambda functions using this.call(<arguments>)?,amet nulla quisque arcu libero rutrum ac lobortis vel dapibus at diam nam tristique tortor,$725.60,http://dummyimage.com/131x100.png/dddddd/000000
error: Built-in function 'this' not found. Did you mean to call one of your lambda functions using this.call(<arguments>)?,interdum eu tincidunt in leo maecenas pulvinar lobortis est phasellus sit,$415.25,http://dummyimage.com/139x100.png/dddddd/000000
error: Built-in function 'this' not found. Did you mean to call one of your lambda functions using this.call(<arguments>)?,tristique fusce congue diam id ornare imperdiet sapien urna pretium nisl ut,$533.81,http://dummyimage.com/102x100.png/ff4444/ffffff
error: Built-in function 'this' not found. Did you mean to call one of your lambda functions using this.call(<arguments>)?,eget nunc donec quis orci eget orci vehicula condimentum curabitur,$384.62,http://dummyimage.com/201x100.png/ff4444/ffffff
error: Built-in function 'this' not found. Did you mean to call one of your lambda functions using this.call(<arguments>)?,suspendisse potenti in eleifend quam a odio in hac habitasse,$266.29,http://dummyimage.com/167x100.png/ff4444/ffffff
error: Built-in function 'this' not found. Did you mean to call one of your lambda functions using this.call(<arguments>)?,in faucibus orci luctus et ultrices posuere cubilia curae donec pharetra magna vestibulum aliquet ultrices,$283.57,http://dummyimage.com/159x100.png/5fa2dd/ffffff
error: Built-in function 'this' not found. Did you mean to call one of your lambda functions using this.call(<arguments>)?,id nulla ultrices aliquet maecenas leo odio condimentum id luctus nec molestie,$284.04,http://dummyimage.com/181x100.png/cc0000/ffffff
error: Built-in function 'this' not found. Did you mean to call one of your lambda functions using this.call(<arguments>)?,vel est donec odio justo sollicitudin ut suscipit a,$633.50,http://dummyimage.com/123x100.png/5fa2dd/ffffff
error: Built-in function 'this' not found. Did you mean to call one of your lambda functions using this.call(<arguments>)?,sodales sed tincidunt eu felis fusce posuere felis sed lacus morbi sem mauris,$376.18,http://dummyimage.com/136x100.png/ff4444/ffffff
error: Built-in function 'this' not found. Did you mean to call one of your lambda functions using this.call(<arguments>)?,massa quis augue luctus tincidunt nulla mollis molestie lorem quisque ut erat curabitur gravida,$328.27,http://dummyimage.com/149x100.png/dddddd/000000
error: Built-in function 'this' not found. Did you mean to call one of your lambda functions using this.call(<arguments>)?,euismod scelerisque quam turpis adipiscing lorem vitae mattis nibh ligula nec sem duis aliquam,$869.95,http://dummyimage.com/246x100.png/cc0000/ffffff
error: Built-in function 'this' not found. Did you mean to call one of your lambda functions using this.call(<arguments>)?,suspendisse accumsan tortor quis turpis sed ante vivamus tortor duis mattis egestas,$216.76,http://dummyimage.com/141x100.png/dddddd/000000
error: Built-in function 'this' not found. Did you mean to call one of your lambda functions using this.call(<arguments>)?,consectetuer adipiscing elit proin interdum mauris non ligula pellentesque ultrices phasellus id sapien in sapien,$157.59,http://dummyimage.com/103x100.png/cc0000/ffffff
error: Built-in function 'this' not found. Did you mean to call one of your lambda functions using this.call(<arguments>)?,neque duis bibendum morbi non quam nec dui,$947.95,http://dummyimage.com/181x100.png/dddddd/000000
error: Built-in function 'this' not found. Did you mean to call one of your lambda functions using this.call(<arguments>)?,lectus in quam fringilla rhoncus mauris enim leo rhoncus sed vestibulum,$592.59,http://dummyimage.com/139x100.png/dddddd/000000
error: Built-in function 'this' not found. Did you mean to call one of your lambda functions using this.call(<arguments>)?,mattis pulvinar nulla pede ullamcorper augue a suscipit,$900.55,http://dummyimage.com/250x100.png/ff4444/ffffff
error: Built-in function 'this' not found. Did you mean to call one of your lambda functions using this.call(<arguments>)?,orci luctus et ultrices posuere cubilia curae duis,$204.60,http://dummyimage.com/229x100.png/5fa2dd/ffffff
error: Built-in function 'this' not found. Did you mean to call one of your lambda functions using this.call(<arguments>)?,ultrices phasellus id sapien in sapien iaculis congue vivamus metus arcu adipiscing molestie hendrerit,$725.56,http://dummyimage.com/229x100.png/5fa2dd/ffffff
error: Built-in function 'this' not found. Did you mean to call one of your lambda functions using this.call(<arguments>)?,turpis nec euismod scelerisque quam turpis adipiscing lorem vitae mattis nibh ligula nec sem,$668.10,http://dummyimage.com/123x100.png/5fa2dd/ffffff
error: Built-in function 'this' not found. Did you mean to call one of your lambda functions using this.call(<arguments>)?,viverra diam vitae quam suspendisse potenti nullam porttitor lacus at turpis donec posuere,$371.83,http://dummyimage.com/177x100.png/cc0000/ffffff
error: Built-in function 'this' not found. Did you mean to call one of your lambda functions using this.call(<arguments>)?,nulla suspendisse potenti cras in purus eu magna vulputate,$443.66,http://dummyimage.com/241x100.png/ff4444/ffffff
error: Built-in function 'this' not found. Did you mean to call one of your lambda functions using this.call(<arguments>)?,lobortis ligula sit amet eleifend pede libero quis orci nullam molestie nibh in,$384.42,http://dummyimage.com/154x100.png/ff4444/ffffff
error: Built-in function 'this' not found. Did you mean to call one of your lambda functions using this.call(<arguments>)?,sagittis sapien cum sociis natoque penatibus et magnis dis parturient montes nascetur ridiculus,$675.25,http://dummyimage.com/141x100.png/ff4444/ffffff
error: Built-in function 'this' not found. Did you mean to call one of your lambda functions using this.call(<arguments>)?,molestie lorem quisque ut erat curabitur gravida nisi at nibh in hac,$453.86,http://dummyimage.com/168x100.png/dddddd/000000
error: Built-in function 'this' not found. Did you mean to call one of your lambda functions using this.call(<arguments>)?,tincidunt in leo maecenas pulvinar lobortis est phasellus sit amet erat nulla tempus,$286.36,http://dummyimage.com/243x100.png/dddddd/000000
error: Built-in function 'this' not found. Did you mean to call one of your lambda functions using this.call(<arguments>)?,vel nisl duis ac nibh fusce lacus purus aliquet at feugiat non pretium quis,$599.69,http://dummyimage.com/217x100.png/dddddd/000000
error: Built-in function 'this' not found. Did you mean to call one of your lambda functions using this.call(<arguments>)?,porta volutpat quam pede lobortis ligula sit amet eleifend pede libero quis orci,$358.57,http://dummyimage.com/201x100.png/5fa2dd/ffffff
error: Built-in function 'this' not found. Did you mean to call one of your lambda functions using this.call(<arguments>)?,praesent blandit nam nulla integer pede justo lacinia eget tincidunt,$205.95,http://dummyimage.com/125x100.png/dddddd/000000
error: Built-in function 'this' not found. Did you mean to call one of your lambda functions using this.call(<arguments>)?,sollicitudin ut suscipit a feugiat et eros vestibulum ac est lacinia nisi venenatis,$966.84,http://dummyimage.com/103x100.png/cc0000/ffffff
error: Built-in function 'this' not found. Did you mean to call one of your lambda functions using this.call(<arguments>)?,nisi nam ultrices libero non mattis pulvinar nulla pede ullamcorper augue a,$566.24,http://dummyimage.com/169x100.png/5fa2dd/ffffff
error: Built-in function 'this' not found. Did you mean to call one of your lambda functions using this.call(<arguments>)?,magnis dis parturient montes nascetur ridiculus mus vivamus vestibulum,$454.18,http://dummyimage.com/185x100.png/dddddd/000000
error: Built-in function 'this' not found. Did you mean to call one of your lambda functions using this.call(<arguments>)?,curae mauris viverra diam vitae quam suspendisse potenti nullam porttitor lacus at turpis donec,$933.18,http://dummyimage.com/145x100.png/dddddd/000000
error: Built-in function 'this' not found. Did you mean to call one of your lambda functions using this.call(<arguments>)?,eu massa donec dapibus duis at velit eu est congue,$340.96,http://dummyimage.com/125x100.png/5fa2dd/ffffff
error: Built-in function 'this' not found. Did you mean to call one of your lambda functions using this.call(<arguments>)?,odio odio elementum eu interdum eu tincidunt in leo maecenas pulvinar lobortis,$797.32,http://dummyimage.com/169x100.png/5fa2dd/ffffff
error: Built-in function 'this' not found. Did you mean to call one of your lambda functions using this.call(<arguments>)?,tempor turpis nec euismod scelerisque quam turpis adipiscing lorem vitae mattis,$926.47,http://dummyimage.com/149x100.png/5fa2dd/ffffff
error: Built-in function 'this' not found. Did you mean to call one of your lambda functions using this.call(<arguments>)?,accumsan tellus nisi eu orci mauris lacinia sapien quis,$831.06,http://dummyimage.com/154x100.png/5fa2dd/ffffff
error: Built-in function 'this' not found. Did you mean to call one of your lambda functions using this.call(<arguments>)?,erat id mauris vulputate elementum nullam varius nulla facilisi cras non velit,$436.11,http://dummyimage.com/191x100.png/dddddd/000000
error: Built-in function 'this' not found. Did you mean to call one of your lambda functions using this.call(<arguments>)?,at ipsum ac tellus semper interdum mauris ullamcorper purus sit amet nulla quisque arcu,$997.14,http://dummyimage.com/152x100.png/5fa2dd/ffffff
error: Built-in function 'this' not found. Did you mean to call one of your lambda functions using this.call(<arguments>)?,rhoncus aliquet pulvinar sed nisl nunc rhoncus dui vel sem sed sagittis,$400.17,http://dummyimage.com/181x100.png/dddddd/000000
error: Built-in function 'this' not found. Did you mean to call one of your lambda functions using this.call(<arguments>)?,dignissim vestibulum vestibulum ante ipsum primis in faucibus orci luctus et ultrices posuere cubilia curae,$793.81,http://dummyimage.com/199x100.png/ff4444/ffffff
error: Built-in function 'this' not found. Did you mean to call one of your lambda functions using this.call(<arguments>)?,curae nulla dapibus dolor vel est donec odio justo,$189.15,http://dummyimage.com/155x100.png/dddddd/000000
error: Built-in function 'this' not found. Did you mean to call one of your lambda functions using this.call(<arguments>)?,accumsan tortor quis turpis sed ante vivamus tortor duis mattis egestas metus,$560.84,http://dummyimage.com/192x100.png/ff4444/ffffff
error: Built-in function 'this' not found. Did you mean to call one of your lambda functions using this.call(<arguments>)?,eget elit sodales scelerisque mauris sit amet eros suspendisse accumsan tortor quis turpis,$614.46,http://dummyimage.com/178x100.png/ff4444/ffffff
error: Built-in function 'this' not found. Did you mean to call one of your lambda functions using this.call(<arguments>)?,est phasellus sit amet erat nulla tempus vivamus in felis eu sapien cursus vestibulum proin,$726.84,http://dummyimage.com/204x100.png/ff4444/ffffff
error: Built-in function 'this' not found. Did you mean to call one of your lambda functions using this.call(<arguments>)?,dictumst morbi vestibulum velit id pretium iaculis diam erat fermentum justo,$324.45,http://dummyimage.com/240x100.png/5fa2dd/ffffff
error: Built-in function 'this' not found. Did you mean to call one of your lambda functions using this.call(<arguments>)?,donec pharetra magna vestibulum aliquet ultrices erat tortor sollicitudin mi sit amet,$471.72,http://dummyimage.com/190x100.png/cc0000/ffffff
error: Built-in function 'this' not found. Did you mean to call one of your lambda functions using this.call(<arguments>)?,in hac habitasse platea dictumst aliquam augue quam sollicitudin vitae consectetuer eget rutrum at lorem,$627.37,http://dummyimage.com/238x100.png/dddddd/000000
error: Built-in function 'this' not found. Did you mean to call one of your lambda functions using this.call(<arguments>)?,pede malesuada in imperdiet et commodo vulputate justo in blandit ultrices,$408.15,http://dummyimage.com/242x100.png/ff4444/ffffff
error: Built-in function 'this' not found. Did you mean to call one of your lambda functions using this.call(<arguments>)?,sollicitudin vitae consectetuer eget rutrum at lorem integer tincidunt ante vel ipsum,$776.70,http://dummyimage.com/197x100.png/dddddd/000000
error: Built-in function 'this' not found. Did you mean to call one of your lambda functions using this.call(<arguments>)?,curae nulla dapibus dolor vel est donec odio justo,$573.18,http://dummyimage.com/150x100.png/5fa2dd/ffffff
error: Built-in function 'this' not found. Did you mean to call one of your lambda functions using this.call(<arguments>)?,purus sit amet nulla quisque arcu libero rutrum ac lobortis vel dapibus at diam nam,$789.19,http://dummyimage.com/188x100.png/dddddd/000000
error: Built-in function 'this' not found. Did you mean to call one of your lambda functions using this.call(<arguments>)?,nunc rhoncus dui vel sem sed sagittis nam congue risus semper porta,$752.35,http://dummyimage.com/114x100.png/5fa2dd/ffffff
error: Built-in function 'this' not found. Did you mean to call one of your lambda functions using this.call(<arguments>)?,lectus in quam fringilla rhoncus mauris enim leo,$433.01,http://dummyimage.com/229x100.png/ff4444/ffffff
error: Built-in function 'this' not found. Did you mean to call one of your lambda functions using this.call(<arguments>)?,nec dui luctus rutrum nulla tellus in sagittis,$772.65,http://dummyimage.com/133x100.png/dddddd/000000
error: Built-in function 'this' not found. Did you mean to call one of your lambda functions using this.call(<arguments>)?,congue risus semper porta volutpat quam pede lobortis ligula sit amet,$104.43,http://dummyimage.com/210x100.png/dddddd/000000
error: Built-in function 'this' not found. Did you mean to call one of your lambda functions using this.call(<arguments>)?,bibendum imperdiet nullam orci pede venenatis non sodales sed tincidunt eu felis fusce posuere,$678.65,http://dummyimage.com/233x100.png/ff4444/ffffff
error: Built-in function 'this' not found. Did you mean to call one of your lambda functions using this.call(<arguments>)?,ligula sit amet eleifend pede libero quis orci nullam molestie,$284.46,http://dummyimage.com/245x100.png/ff4444/ffffff
error: Built-in function 'this' not found. Did you mean to call one of your lambda functions using this.call(<arguments>)?,orci luctus et ultrices posuere cubilia curae donec,$365.70,http://dummyimage.com/207x100.png/ff4444/ffffff
error: Built-in function 'this' not found. Did you mean to call one of your lambda functions using this.call(<arguments>)?,ac nibh fusce lacus purus aliquet at feugiat non pretium quis lectus,$321.45,http://dummyimage.com/149x100.png/cc0000/ffffff
error: Built-in function 'this' not found. Did you mean to call one of your lambda functions using this.call(<arguments>)?,bibendum imperdiet nullam orci pede venenatis non sodales sed tincidunt eu felis fusce,$279.85,http://dummyimage.com/185x100.png/dddddd/000000
error: Built-in function 'this' not found. Did you mean to call one of your lambda functions using this.call(<arguments>)?,erat tortor sollicitudin mi sit amet lobortis sapien sapien,$234.84,http://dummyimage.com/177x100.png/ff4444/ffffff
error: Built-in function 'this' not found. Did you mean to call one of your lambda functions using this.call(<arguments>)?,curae nulla dapibus dolor vel est donec odio justo sollicitudin ut suscipit,$545.06,http://dummyimage.com/112x100.png/dddddd/000000
error: Built-in function 'this' not found. Did you mean to call one of your lambda functions using this.call(<arguments>)?,augue vel accumsan tellus nisi eu orci mauris lacinia sapien,$782.92,http://dummyimage.com/246x100.png/cc0000/ffffff
error: Built-in function 'this' not found. Did you mean to call one of your lambda functions using this.call(<arguments>)?,sit amet eleifend pede libero quis orci nullam molestie nibh in lectus pellentesque,$875.46,http://dummyimage.com/210x100.png/ff4444/ffffff
error: Built-in function 'this' not found. Did you mean to call one of your lambda functions using this.call(<arguments>)?,ultrices mattis odio donec vitae nisi nam ultrices libero non mattis pulvinar,$277.58,http://dummyimage.com/167x100.png/cc0000/ffffff
error: Built-in function 'this' not found. Did you mean to call one of your lambda functions using this.call(<arguments>)?,augue quam sollicitudin vitae consectetuer eget rutrum at lorem integer tincidunt ante vel ipsum praesent,$678.96,http://dummyimage.com/120x100.png/dddddd/000000
error: Built-in function 'this' not found. Did you mean to call one of your lambda functions using this.call(<arguments>)?,primis in faucibus orci luctus et ultrices posuere cubilia curae donec,$334.87,http://dummyimage.com/211x100.png/cc0000/ffffff
error: Built-in function 'this' not found. Did you mean to call one of your lambda functions using this.call(<arguments>)?,cras pellentesque volutpat dui maecenas tristique est et tempus semper est quam pharetra magna ac,$815.42,http://dummyimage.com/166x100.png/5fa2dd/ffffff
error: Built-in function 'this' not found. Did you mean to call one of your lambda functions using this.call(<arguments>)?,volutpat eleifend donec ut dolor morbi vel lectus in quam fringilla rhoncus mauris,$101.60,http://dummyimage.com/157x100.png/dddddd/000000
