id_detalle,color,tamano
48501,Khaki,Medium
202287,Fuscia,Large
407383,Violet,Small
598067,Maroon,Medium
875360,Goldenrod,Large
760067,Pink,Small
654566,Pink,Extra Large
735096,Green,Small
469821,Khaki,Small
494424,Puce,Medium
378315,Red,Medium
944174,Mauv,Medium
916924,Maroon,Medium
354929,Indigo,Medium
212118,Goldenrod,Medium
398171,Crimson,Extra Large
921524,Green,Small
86897,Maroon,Medium
924669,Turquoise,Medium
579837,Aquamarine,Large
878958,Teal,Medium
110160,Teal,Small
875167,Khaki,Extra Large
986318,Red,Extra Large
980868,Fuscia,Large
821159,Turquoise,Extra Large
685280,Green,Large
49297,Pink,Small
115190,Orange,Extra Large
871084,Indigo,Extra Large
394511,Indigo,Small
871120,Crimson,Medium
852748,Blue,Medium
497682,Aquamarine,Medium
543182,Indigo,Large
198918,Crimson,Small
290218,Blue,Extra Large
93061,Yellow,Small
462041,Maroon,Medium
955284,Teal,Medium
74853,Blue,Medium
613631,Green,Medium
98266,Puce,Extra Large
990576,Indigo,Medium
832673,Green,Extra Large
450887,Khaki,Small
972182,Teal,Small
872143,Fuscia,Large
849089,Orange,Large
494523,Goldenrod,Extra Large
405812,Khaki,Extra Large
560164,Green,Extra Large
178736,Mauv,Small
186546,Blue,Small
784428,Teal,Extra Large
730916,Aquamarine,Extra Large
937735,Turquoise,Small
504343,Yellow,Large
961186,Yellow,Extra Large
400446,Pink,Large
882181,Maroon,Small
838924,Maroon,Large
547950,Maroon,Extra Large
873097,Goldenrod,Extra Large
490638,Indigo,Large
663446,Maroon,Small
784921,Indigo,Small
859380,Mauv,Small
205904,Orange,Large
731883,Teal,Small
344163,Mauv,Medium
652521,Violet,Medium
440434,Turquoise,Small
336263,Yellow,Extra Large
773146,Puce,Medium
926912,Puce,Medium
841877,Crimson,Extra Large
334145,Goldenrod,Extra Large
759313,Red,Extra Large
238140,Puce,Extra Large
171160,Red,Small
951479,Blue,Extra Large
242825,Turquoise,Large
821367,Pink,Extra Large
3547,Mauv,Small
431027,Crimson,Small
845938,Orange,Extra Large
57240,Aquamarine,Small
512141,Aquamarine,Extra Large
267361,Orange,Medium
601512,Pink,Extra Large
384773,Aquamarine,Medium
845325,Indigo,Small
111801,Blue,Small
639505,Indigo,Medium
735879,Mauv,Large
992184,Goldenrod,Medium
14026,Fuscia,Large
681777,Orange,Large
768204,Crimson,Extra Large
