id_buque,nombre_barco,estado_buque,capacidad_maxima
773186,Rhea,Under Maintenance,26792.06381
209104,Fionnula,Inactive,76695.40776
758070,Nady,Under Maintenance,10971.74222
823543,Kaitlynn,Inactive,10348.03715
576491,Mandel,Active,54135.00062
59040,Chad,Active,78123.90224
878659,Marsiella,Unknown,30334.03971
69350,Curtis,Inactive,93456.38725
167994,Damien,Active,48136.28466
665189,Lethia,Inactive,91433.10941
77242,Miran,Unknown,13381.30934
454304,Otes,Active,22404.01804
856336,Aharon,Unknown,14196.93168
302622,Hedwig,Inactive,746.00221
168796,Deerdre,Unknown,10004.85945
349244,Pembroke,Active,48709.66698
63486,Gisele,Active,38258.11639
343772,Patrice,Under Maintenance,8185.57266
615697,Malorie,Active,47189.52178
959827,Tara,Active,86151.83931
727001,Pearline,Inactive,39959.40855
622435,Urson,Inactive,45902.95187
661993,Cathe,Inactive,55751.1155
231108,Letitia,Under Maintenance,89579.83895
844157,Hasheem,Inactive,55745.10991
184923,Wally,Under Maintenance,12118.95882
731334,Merilee,Unknown,23099.69
809553,Aili,Active,61102.06602
889306,Brade,Under Maintenance,25517.36676
233863,Reggi,Under Maintenance,19020.82005
731602,Kyrstin,Under Maintenance,66104.24158
413407,Rania,Under Maintenance,97973.9898
58284,Millisent,Inactive,54984.4125
875795,Kelci,Under Maintenance,44915.55419
267974,Conny,Under Maintenance,47167.96996
214098,Nerta,Inactive,26670.26275
28898,Shane,Under Maintenance,86770.74006
534493,Zachary,Inactive,58618.47757
446638,Mortie,Under Maintenance,99216.53274
433301,Bret,Unknown,69785.44793
84323,Philip,Under Maintenance,67405.87908
826578,Hedi,Unknown,86641.15726
463353,Theresina,Unknown,8356.9749
195592,Gertrud,Inactive,4665.86695
808363,Vin,Unknown,72801.43056
988145,Dierdre,Inactive,25738.65245
482642,Karlik,Under Maintenance,93605.14385
496863,Marquita,Inactive,51272.21641
33945,Lorne,Under Maintenance,25262.60441
6425,Tootsie,Under Maintenance,87580.32711
814381,Karisa,Under Maintenance,56193.5697
564471,Kaspar,Under Maintenance,78288.51912
576841,Faber,Under Maintenance,11836.04916
916956,Reider,Unknown,44699.15111
231799,Anna-maria,Unknown,54227.37928
633518,Corrine,Inactive,58941.06212
983625,Flo,Inactive,35052.88748
5593,Cort,Active,99167.79143
516980,Neala,Active,92849.59313
913636,Del,Unknown,51775.27258
3544,Gerta,Unknown,65257.2141
235226,Jenda,Inactive,72592.80924
964999,Saunders,Under Maintenance,62013.76338
762961,Luther,Inactive,60688.95963
431890,Silvana,Active,91977.86012
832083,Consuelo,Active,30373.58068
177772,Wain,Inactive,43849.48038
296128,Bing,Unknown,39198.62805
929206,Amelia,Unknown,51860.93679
232348,Esdras,Unknown,31094.44377
968211,Nedi,Active,76361.88915
320589,Irvin,Active,83925.3444
966375,Ilyse,Inactive,24871.89354
736918,Luelle,Inactive,14174.37991
575993,Ninon,Active,26477.56915
990062,Silvie,Active,85606.77345
210289,Guillemette,Active,51253.84463
229632,Rosemonde,Under Maintenance,17515.32094
808696,Abey,Under Maintenance,28467.97516
369097,Kean,Active,44435.12768
8365,Corny,Active,85215.91685
468253,Estella,Unknown,86207.5537
630278,Clementia,Inactive,7024.00217
703963,Gennifer,Inactive,75705.85105
39301,Nertie,Inactive,64187.8206
605075,Conant,Active,99528.86488
671979,Gannie,Active,78025.29736
263864,Farris,Active,69623.71911
865898,Korry,Under Maintenance,17544.33589
68750,Drew,Unknown,97630.33748
727565,Brittni,Unknown,12152.26055
888339,Arlin,Under Maintenance,75978.38752
748636,Annelise,Under Maintenance,86664.35731
398799,Hardy,Under Maintenance,93136.28545
834199,Bartolomeo,Active,36859.50979
893623,May,Under Maintenance,93846.20425
45605,Mae,Active,40461.49459
282408,Faythe,Active,71065.48444
489898,Montague,Under Maintenance,88324.81216
290039,Dolf,Under Maintenance,24414.53774
